-- TABELA CLIENTE
INSERT INTO EC.CLIENTE VALUES
('00000000000', 'MATHEUS', 'MATHEUS@GMAIL.COM', '1996-12-12', '8545-9856', '5526-8745'),
('00000000001', 'FERNANDO', 'FERNANDO@GMAIL.COM', '1994-12-12', '8445-9056', '5522-8745'),
('00000000002', 'FERNANDA', 'FERNANDA@GMAIL.COM', '1994-05-12', '5235-9056', '51232-8745'),
('00000000003', 'CLAUDIO', 'CLAUDIO@GMAIL.COM', '1987-12-23', '8745-9006', '5772-8747'),
('00000000004', 'PAULO', 'PAULO@GMAIL.COM', '1992-12-12', '8125-9011', '5522-8145'),
('00000000005', 'PAULA', 'PAULA@GMAIL.COM', '1997-02-12', '8412-9016', '5022-0745'),
('00000000006', 'CRIS', 'CRIS@GMAIL.COM', '1994-12-12', '8445-9056', '5522-8745'),
('00000000007', 'FERNANDO PAULO', 'FERNANDOPAULO@GMAIL.COM', '1994-12-12', '8445-9999', '5442-8321'),
('00000000008', 'CESAR', 'CESAR@GMAIL.COM', '1974-11-12', '8345-9056', '6522-8745'),
('00000000009', 'CLAUDIA', 'CLAUDIA@GMAIL.COM', '1994-12-03', '2445-9056', '1522-8745'),
('00000000010', 'CLAUDIO RAMOS', 'CLAUDIORAMOS@GMAIL.COM', '1985-12-12', '8115-9256', '5541-8765'),
('00000000011', 'DENNIS', 'DENNIS@GMAIL.COM', '1991-10-12', '8441-3156', '6521-8755'),
('00000000012', 'CAMILA', 'CAMILA@GMAIL.COM', '1991-11-11', '8545-9566', '9522-8733'),
('00000000013', 'NATHALIA', 'NATHALIA@GMAIL.COM', '1984-03-21', '7445-9056', '5772-8745'),
('00000000014', 'SERGIO', 'SERGIO@GMAIL.COM', '1988-04-23', '8445-4056', '5421-8745'),
('00000000015', 'ERNANES', 'ERNANES@GMAIL.COM', '1977-11-12', '8667-9056', '5312-8749'),
('00000000016', 'TAMIRES', 'TAMIRES@GMAIL.COM', '1979-12-22', '8400-9056', '5520-8740'),
('00000000017', 'LEONARDO', 'LEONARDO@GMAIL.COM', '1994-05-30', '8411-9038', '5224-8214'),
('00000000018', 'CARLOS', 'CARLOS@GMAIL.COM', '1996-01-30', '5411-9038', '6224-8214'),
('00000000019', 'LEANDRO', 'LEANDRO@GMAIL.COM', '1981-08-20', '9411-9038', '5929-8214');

-- TABELA ENDERECO
INSERT INTO EC.ENDERECO (LOGRADOURO, NUMERO, COMPLEMENTO, ESTADO, CIDADE, BAIRRO, CEP, CPF_CLIENTE) VALUES
('R. DAS GARÇAS', 13, NULL, 'SP', 'SÃO PAULO', 'GRAJAU', '04840129', '00000000000'),
('R. DAS AVES', 255, NULL, 'SP', 'SÃO PAULO', 'JD. ELIANA', '04840130', '00000000001'),
('R. DAS GARÇAS', 77, NULL, 'SP', 'SÃO PAULO', 'GRAJAU', '04840129', '00000000002'),
('R. DAS CEGONHAS', 82, NULL, 'SP', 'SÃO PAULO', 'JD. LUCELIA', '80412345', '00000000003'),
('R. DAS GARÇAS', 51, NULL, 'SP', 'SÃO PAULO', 'GRAJAU', '04840129', '00000000004'),
('R. DAS GARÇAS', 30, NULL, 'SP', 'SÃO PAULO', 'GRAJAU', '04840129', '00000000005'),
('R. DOS REPOLHOS', 86, NULL, 'SP', 'SÃO PAULO', 'CANTINHO DO CÉU', '04845529', '00000000006'),
('R. ARANHA', 123, NULL, 'SP', 'SÃO PAULO', 'GRAJAU', '04840231', '00000000007'),
('R. BESOUROS', 432, NULL, 'SP', 'SÃO PAULO', 'VARGEM GRANDE', '04811231', '00000000008'),
('R. PONTES', 113, NULL, 'SP', 'SÃO PAULO', 'SOCORRO', '04840211', '00000000009'),
('R. GRADES', 111, NULL, 'SP', 'SÃO PAULO', 'SOCORRO', '04844431', '00000000010'),
('R. COPOS', 1, NULL, 'SP', 'SÃO PAULO', 'COCAIA', '04210231', '00000000011'),
('R. JABUTICABA', 3, NULL, 'SP', 'SÃO PAULO', 'GRAJAU', '04130231', '00000000012'),
('R. SAPOS', 129, NULL, 'SP', 'SÃO PAULO', 'GRANJA', '04800031', '00000000013'),
('R. BOLACHA', 665, NULL, 'SP', 'SÃO PAULO', 'JD. ELIANA', '04849991', '00000000014'),
('R. QUADROS', 41, NULL, 'SP', 'SÃO PAULO', 'JD. ELIÓPOLIS', '04849990', '00000000015'),
('R. BISCOITO', 89, NULL, 'SP', 'SÃO PAULO', 'JD. ELIANA', '01329991', '00000000016'),
('R. TEXTO', 777, NULL, 'SP', 'SÃO PAULO', 'JD. ELIANA', '01249991', '00000000017'),
('R. TROCO', 65, NULL, 'SP', 'SÃO PAULO', 'JD. CARMOS', '04849121', '00000000018'),
('R. LAPIS', 890, NULL, 'SP', 'SÃO PAULO', 'JD. ELIANA', '04849221', '00000000019');

-- TABELA CATEGORIA
INSERT INTO EC.CATEGORIA (ALIAS, NOME) VALUES
('CCCCCCC1', 'ESPORTE'),
('CCCCCCC2', 'MÓVEL'),
('CCCCCCC3', 'CORRIDA'),
('CCCCCCC4', 'ELETRODOMÉSTICO'),
('CCCCCCC5', 'HARDWARE');

-- TABELA PRODUTO
INSERT INTO EC.PRODUTO VALUES
('PPPPPPE1', 'BOLA DE FUTEBOL', 'TOPPER', 'BOLA DE COURO SINTETICO', TRUE),
('PPPPPPE2', 'BOLA DE BASQUETE', 'AMERICAN', 'BOLA DE BASQUETE LARANJA', TRUE),
('PPPPPPE3', 'CHUTEIRA DE CRAVO', 'ADIDAS', 'CHUTEIRA PARA CAMPO SOCIETY', TRUE),
('PPPPPPE4', 'COQUETELEIRA', 'NEONUTRI', 'COQUETELEIRA TRANSPARENTE 700ML', TRUE),
('PPPPPPE5', 'DARDOS', 'AMERICAN', 'DARDOS PRETOS E LARANJAS PARA PRÁTICA', TRUE),
('PPPPPPM1', 'SOFÁ', 'CONFORTO', 'SOFÁ PRETO, DOIS LUGARES ESTOFADO', TRUE),
('PPPPPPM2', 'GUARDA-ROUPA', 'MADEIR', 'GUARDA-ROUPA, BRANCO, TRÊS PORTAS', TRUE),
('PPPPPPM3', 'RACK SUSPENSO', 'HOUSETECH', 'RACK SUSPENSO COM SUPORTE PARA TV, BRANCO, 5 METROS', TRUE),
('PPPPPPM4', 'ESPELHO', 'REFLEX', 'ESPELHO DE PAREDE 30X90', TRUE),
('PPPPPPM5', 'ARMÁRIO DE COZINHA', 'HOUSENEW', 'ARMÁRIO DE COZINHA MARROM 12 PORTAS', TRUE),
('PPPPPPC1', 'TENIS CORRIDA', 'MIZUNO', 'TENIS LEVE BRANCO', TRUE),
('PPPPPPC2', 'RELÓGIO CARDÍACO', 'HEALTH', 'RELÓGIO QUE MONITORA BATIMENTOS CARDÍACOS USUAL PARA CORRIDA', TRUE),
('PPPPPPC3', 'CAMISA ', 'NIKE', 'CAMISA PRETA PARA CORRIDA', TRUE),
('PPPPPPC4', 'SHORT', 'NIKE', 'SHORT LISTRADO PRETO/VERDE PARA CORRIDA', TRUE),
('PPPPPPC5', 'BONÉ', 'NIKE', 'BONÉ PARA CORRIDA', TRUE),
('PPPPPPH1', 'HD 500GB', 'SAMSUNG', 'HD 500GB SATA 3 SAMSUNG PRATA', TRUE),
('PPPPPPH2', 'HD 1TB', 'SAMSUNG', 'HD 1TB SATA 3 SAMSUNG PRATA', TRUE),
('PPPPPPH3', 'MEMÓRIA RAM 2GB DDR3', 'KINGSTON', 'MEMÓRIA RAM DDR3 2GB 1600MHZ', TRUE),
('PPPPPPH4', 'MEMÓRIA RAM 4GB DDR3', 'KINGSTON', 'MEMÓRIA RAM DDR3 4GB 1600MHZ', TRUE),
('PPPPPPH5', 'MEMÓRIA RAM 8GB DDR3', 'KINGSTON', 'MEMÓRIA RAM DDR3 8GB 1600MHZ', TRUE);

-- TABELA PRODCAT
INSERT INTO EC.PRODCAT VALUES
('PPPPPPE1','CCCCCCC1'),
('PPPPPPE2','CCCCCCC1'),
('PPPPPPE3','CCCCCCC1'),
('PPPPPPE4','CCCCCCC1'),
('PPPPPPE5','CCCCCCC1'),
('PPPPPPM1','CCCCCCC2'),
('PPPPPPM2','CCCCCCC2'),
('PPPPPPM3','CCCCCCC2'),
('PPPPPPM4','CCCCCCC2'),
('PPPPPPM5','CCCCCCC2'),
('PPPPPPC1','CCCCCCC3'),
('PPPPPPC2','CCCCCCC3'),
('PPPPPPC3','CCCCCCC3'),
('PPPPPPC4','CCCCCCC3'),
('PPPPPPC5','CCCCCCC3'),
('PPPPPPH1','CCCCCCC4'),
('PPPPPPH2','CCCCCCC4'),
('PPPPPPH3','CCCCCCC4'),
('PPPPPPH4','CCCCCCC4'),
('PPPPPPH5','CCCCCCC4');

-- TABELA PRECO
INSERT INTO EC.PRECO (DATA_INICIO, DATA_TERMINO, VALOR, SKU_PRODUTO) VALUES
('2016-05-25', NULL, 49.99, 'PPPPPPE1'),
('2016-05-25', NULL, 49.99, 'PPPPPPE2'),
('2016-05-25', NULL, 109.99, 'PPPPPPE3'),
('2016-05-25', NULL, 79.99, 'PPPPPPE4'),
('2016-05-25', NULL, 99.99, 'PPPPPPE5'),
('2016-05-25', NULL, 500.00, 'PPPPPPM1'),
('2016-05-25', NULL, 700.00, 'PPPPPPM2'),
('2016-05-25', NULL, 300.00, 'PPPPPPM3'),
('2016-05-25', NULL, 200.00, 'PPPPPPM4'),
('2016-05-25', NULL, 1200.00, 'PPPPPPM5'),
('2016-05-25', NULL, 300.00, 'PPPPPPC1'),
('2016-05-25', NULL, 99.99, 'PPPPPPC2'),
('2016-05-25', NULL, 100.00, 'PPPPPPC3'),
('2016-05-25', NULL, 80.00, 'PPPPPPC4'),
('2016-05-25', '2016-07-28', 10.00, 'PPPPPPC5'),
('2016-07-28', '2016-09-28', 15.00, 'PPPPPPC5'),
('2016-09-28', '2016-11-28', 20.00, 'PPPPPPC5'),
('2016-11-28', NULL, 25.00, 'PPPPPPC5'),
('2016-05-25', NULL, 100.00, 'PPPPPPH1'),
('2016-05-25', NULL, 220.00, 'PPPPPPH2'),
('2016-05-25', NULL, 70.00, 'PPPPPPH3'),
('2016-05-25', NULL, 90.00, 'PPPPPPH4'),
('2016-05-25', NULL, 100.00, 'PPPPPPH5');

-- TABELA TRANSPORTADORA
INSERT INTO EC.TRANSPORTADORA (NOME) VALUES
('SEDEX'),
('FAST'),
('LIGEIRINHO');

-- TABELA PEDIDO
INSERT INTO EC.PEDIDO (DATA_PEDIDO, STATUS, CPF_CLIENTE, TRA_ID_TRANSPORTADORA) VALUES
('2017-03-28', 'A', '00000000000', NULL),
('2017-03-28', 'A', '00000000010', NULL),
('2017-03-28', 'A', '00000000002', NULL),
('2017-03-28', 'A', '00000000004', NULL),
('2017-03-28', 'A', '00000000001', NULL),
('2017-03-28', 'A', '00000000000', NULL),
('2017-03-28', 'A', '00000000003', NULL),
('2017-03-28', 'S', '00000000019', NULL),
('2017-03-28', 'T', '00000000010', 1),
('2017-03-28', 'E', '00000000014', 3);

-- TABELA ITEM
INSERT INTO EC.ITEM (VALOR, QTDE, DESCONTO, PED_ID_PEDIDO, SKU_PRODUTO) VALUES
(49.99, 1, NULL, 1, 'PPPPPPE1'),
(49.99, 2, NULL, 1, 'PPPPPPE2'),
(109.99, 4, NULL, 2, 'PPPPPPE3'),
(700, 1, NULL, 2, 'PPPPPPM2'),
(100, 2, NULL, 2, 'PPPPPPH1'),
(80, 2, NULL, 3, 'PPPPPPC4'),
(70, 4, NULL, 4, 'PPPPPPH3'),
(220, 1, NULL, 5, 'PPPPPPH2'),
(70, 1, NULL, 5, 'PPPPPPH3'),
(90, 1, NULL, 5, 'PPPPPPH4'),
(100, 3, NULL, 5, 'PPPPPPH5'),
(220, 1, NULL, 6, 'PPPPPPH2'),
(700, 1, NULL, 6, 'PPPPPPM2'),
(300, 1, NULL, 6, 'PPPPPPM3'),
(700, 1, NULL, 7, 'PPPPPPM2'),
(99.99, 1, NULL, 8, 'PPPPPPE5'),
(500, 1, NULL, 8, 'PPPPPPM1'),
(300, 2, NULL, 8, 'PPPPPPC1'),
(25, 4, NULL, 9, 'PPPPPPC5'),
(80, 3, NULL, 9, 'PPPPPPC4'),
(1200, 1, NULL, 9, 'PPPPPPM5'),
(99.99, 1, NULL, 10, 'PPPPPPE5'),
(300, 2, NULL, 10, 'PPPPPPM3'),
(90, 2, NULL, 10, 'PPPPPPH4'),
(49.99, 5, NULL, 10, 'PPPPPPE1'),
(79.99, 1, NULL, 10, 'PPPPPPE4');

-- TABELA COBRANCA
INSERT INTO EC.COBRANCA VALUES
(NULL, '2017-03-28', 1, 1),
(NULL, '2017-03-28', 2, 11),
(NULL, '2017-03-28', 3, 3),
(NULL, '2017-03-28', 4, 5),
(NULL, '2017-03-28', 5, 2),
(NULL, '2017-03-28', 6, 1),
(NULL, '2017-03-28', 7, 4),
(2341, '2017-03-28', 8, 20),
(9481, '2017-03-28', 9, 11),
(0192, '2017-03-28', 10, 15);

-- TABELA ENTREGA
INSERT INTO EC.ENTREGA VALUES
('2017-04-02', 10, 15, 3);